image_id,quality,height,width,nmae,nrmse
801,1,1356,2040,0.041427985,0.049548693
801,10,1356,2040,0.008664858,0.014905518
801,20,1356,2040,0.0061106267,0.010439359
801,30,1356,2040,0.0051376433,0.009607768
801,40,1356,2040,0.005441828,0.009098109
801,50,1356,2040,0.006993488,0.010119956
801,60,1356,2040,0.0080534015,0.009980419
801,70,1356,2040,0.0053006276,0.0068154437
801,80,1356,2040,0.004614052,0.0063773566
801,95,1356,2040,0.001798226,0.003226378
802,1,1356,2040,0.07360777,0.092483565
802,10,1356,2040,0.0220449,0.028232137
802,20,1356,2040,0.015075247,0.019504527
802,30,1356,2040,0.010236529,0.013258917
802,40,1356,2040,0.008197443,0.010726581
802,50,1356,2040,0.008038248,0.010500081
802,60,1356,2040,0.0064915097,0.008482201
802,70,1356,2040,0.0054896665,0.007170257
802,80,1356,2040,0.0043180655,0.0056304536
802,95,1356,2040,0.0026491485,0.003652273
803,1,1536,2040,0.018825425,0.048920084
803,10,1536,2040,0.013008612,0.029425904
803,20,1536,2040,0.009987873,0.01856636
803,30,1536,2040,0.007407875,0.013206883
803,40,1536,2040,0.007341009,0.0121414205
803,50,1536,2040,0.0070557,0.011141194
803,60,1536,2040,0.006896543,0.010411342
803,70,1536,2040,0.005010191,0.0082711335
803,80,1536,2040,0.0037341986,0.00638331
803,95,1536,2040,0.0028806052,0.004357484
804,1,1200,2040,0.033643752,0.06442254
804,10,1200,2040,0.033482146,0.04468205
804,20,1200,2040,0.028742554,0.036008358
804,30,1200,2040,0.024600439,0.029644938
804,40,1200,2040,0.023409242,0.027971823
804,50,1200,2040,0.022418294,0.026058055
804,60,1200,2040,0.015022738,0.018719587
804,70,1200,2040,0.017125912,0.020201985
804,80,1200,2040,0.01015326,0.013001915
804,95,1200,2040,0.004715425,0.006757906
805,1,1536,2040,0.03244399,0.042471148
805,10,1536,2040,0.00806243,0.014968743
805,20,1536,2040,0.011748488,0.015946958
805,30,1536,2040,0.008379273,0.011108493
805,40,1536,2040,0.0054305815,0.007914419
805,50,1536,2040,0.0027614685,0.0058109914
805,60,1536,2040,0.0034884233,0.0060722143
805,70,1536,2040,0.0026372161,0.0046608457
805,80,1536,2040,0.0029259513,0.005532636
805,95,1536,2040,0.0018206065,0.00320914
806,1,1356,2040,0.027843315,0.05141104
806,10,1356,2040,0.008515736,0.020699812
806,20,1356,2040,0.0065921955,0.015446204
806,30,1356,2040,0.0052786763,0.012575639
806,40,1356,2040,0.0040070363,0.010494529
806,50,1356,2040,0.002721235,0.008896343
806,60,1356,2040,0.0025339604,0.008363296
806,70,1356,2040,0.0026854414,0.007821795
806,80,1356,2040,0.0019984052,0.006531637
806,95,1356,2040,0.0017230498,0.005173264
807,1,1128,2040,0.08437671,0.1325158
807,10,1128,2040,0.035011396,0.054610644
807,20,1128,2040,0.02335945,0.03802302
807,30,1128,2040,0.017044608,0.03081841
807,40,1128,2040,0.015681373,0.026761036
807,50,1128,2040,0.013729166,0.024477303
807,60,1128,2040,0.015602851,0.02364153
807,70,1128,2040,0.010256191,0.018486321
807,80,1128,2040,0.007868141,0.0143042505
807,95,1128,2040,0.004857057,0.010676752
808,1,1356,2040,0.0245304,0.03259926
808,10,1356,2040,0.003960028,0.006275277
808,20,1356,2040,0.0030135002,0.004472358
808,30,1356,2040,0.0019964266,0.0032068773
808,40,1356,2040,0.0026577637,0.0038510438
808,50,1356,2040,0.0029040081,0.0043271054
808,60,1356,2040,0.0022249569,0.0033453037
808,70,1356,2040,0.0016860386,0.0025747807
808,80,1356,2040,0.00126539,0.002075147
808,95,1356,2040,0.0007688449,0.0012052607
809,1,1356,2040,0.016083036,0.03619687
809,10,1356,2040,0.0099860625,0.018494979
809,20,1356,2040,0.004686174,0.009555486
809,30,1356,2040,0.0047645313,0.009248152
809,40,1356,2040,0.003923387,0.007786912
809,50,1356,2040,0.003947449,0.007323944
809,60,1356,2040,0.0031378223,0.006801121
809,70,1356,2040,0.0026930647,0.005514594
809,80,1356,2040,0.001998434,0.004256176
809,95,1356,2040,0.00083008583,0.0019174435
810,1,1536,2040,0.022212878,0.047640618
810,10,1536,2040,0.0055428734,0.020841973
810,20,1536,2040,0.00691932,0.015242138
810,30,1536,2040,0.007572801,0.012906557
810,40,1536,2040,0.0062452727,0.010090794
810,50,1536,2040,0.004956906,0.009255117
810,60,1536,2040,0.00496921,0.008166734
810,70,1536,2040,0.003428743,0.006655364
810,80,1536,2040,0.0035052185,0.0055066347
810,95,1536,2040,0.0010994669,0.00250739
811,1,1356,2040,0.116538875,0.13371521
811,10,1356,2040,0.020349806,0.026703052
811,20,1356,2040,0.011706964,0.018576136
811,30,1356,2040,0.010060696,0.013872199
811,40,1356,2040,0.0055181133,0.010247842
811,50,1356,2040,0.0030918631,0.007370969
811,60,1356,2040,0.0062808814,0.008940385
811,70,1356,2040,0.0022598312,0.005728046
811,80,1356,2040,0.0034129967,0.006148785
811,95,1356,2040,0.0016315328,0.0038680455
812,1,1536,2040,0.009957822,0.024531057
812,10,1536,2040,0.011131808,0.023245974
812,20,1536,2040,0.008370251,0.012962773
812,30,1536,2040,0.0068536005,0.011970488
812,40,1536,2040,0.0063823177,0.009823515
812,50,1536,2040,0.0048410255,0.0073888227
812,60,1536,2040,0.004635453,0.008188593
812,70,1536,2040,0.0029573336,0.0049176114
812,80,1536,2040,0.0020727492,0.00462092
812,95,1536,2040,0.0009174101,0.0021689537
813,1,1464,2040,0.030697575,0.040929463
813,10,1464,2040,0.013367363,0.020647433
813,20,1464,2040,0.014435222,0.017578801
813,30,1464,2040,0.009597496,0.012319089
813,40,1464,2040,0.00987311,0.011629276
813,50,1464,2040,0.009327122,0.011131053
813,60,1464,2040,0.009061662,0.010447094
813,70,1464,2040,0.006350396,0.008082907
813,80,1464,2040,0.0058592153,0.0070689823
813,95,1464,2040,0.0012991654,0.0021571047
814,1,1356,2040,0.02366313,0.058380548
814,10,1356,2040,0.0025989416,0.0063388366
814,20,1356,2040,0.002469737,0.0055341274
814,30,1356,2040,0.003727159,0.007035655
814,40,1356,2040,0.002575125,0.004989923
814,50,1356,2040,0.0017575701,0.0035443623
814,60,1356,2040,0.0017753268,0.0034397629
814,70,1356,2040,0.001690561,0.003550866
814,80,1356,2040,0.00081223,0.0020894122
814,95,1356,2040,0.0004176234,0.0013402388
815,1,1356,2040,0.045767616,0.07283972
815,10,1356,2040,0.019719038,0.030277072
815,20,1356,2040,0.011836145,0.01910687
815,30,1356,2040,0.0076738726,0.013329767
815,40,1356,2040,0.0062242555,0.010560854
815,50,1356,2040,0.0068376227,0.011144245
815,60,1356,2040,0.006066322,0.009664559
815,70,1356,2040,0.0052197296,0.00890834
815,80,1356,2040,0.005334909,0.008623535
815,95,1356,2040,0.0023544324,0.004561938
816,1,1356,2040,0.03035689,0.047934785
816,10,1356,2040,0.037617035,0.04063142
816,20,1356,2040,0.011544614,0.0138451755
816,30,1356,2040,0.013395788,0.014798447
816,40,1356,2040,0.016274106,0.017029893
816,50,1356,2040,0.01197351,0.013246882
816,60,1356,2040,0.012159528,0.013067655
816,70,1356,2040,0.009975507,0.010930973
816,80,1356,2040,0.005120178,0.0062775128
816,95,1356,2040,0.0011494305,0.0017985663
817,1,1536,2040,0.058950275,0.083431676
817,10,1536,2040,0.022896579,0.039152984
817,20,1536,2040,0.016216736,0.022426315
817,30,1536,2040,0.015379341,0.01930047
817,40,1536,2040,0.0151677625,0.018445559
817,50,1536,2040,0.0070326542,0.010857224
817,60,1536,2040,0.0071380655,0.010481047
817,70,1536,2040,0.005754288,0.008135617
817,80,1536,2040,0.0025975334,0.0046166778
817,95,1536,2040,0.0014670095,0.0028947932
818,1,1536,2040,0.019685416,0.028211864
818,10,1536,2040,0.0052519427,0.009051742
818,20,1536,2040,0.00512729,0.008259115
818,30,1536,2040,0.004869463,0.007471214
818,40,1536,2040,0.0036805943,0.005701164
818,50,1536,2040,0.0026720455,0.0044749235
818,60,1536,2040,0.0024805455,0.0044024154
818,70,1536,2040,0.002397419,0.0041041896
818,80,1536,2040,0.0012719964,0.0025453954
818,95,1536,2040,0.000896467,0.0017753561
819,1,1356,2040,0.023209691,0.03404768
819,10,1356,2040,0.012731118,0.02015976
819,20,1356,2040,0.011016735,0.0132394815
819,30,1356,2040,0.012597892,0.015114488
819,40,1356,2040,0.009853702,0.0110274125
819,50,1356,2040,0.008497715,0.009643795
819,60,1356,2040,0.00858789,0.009640034
819,70,1356,2040,0.0071212067,0.008051895
819,80,1356,2040,0.0051872768,0.005885532
819,95,1356,2040,0.0021696666,0.0028486757
820,1,1356,2040,0.025385963,0.03388598
820,10,1356,2040,0.005845948,0.0109680835
820,20,1356,2040,0.007847416,0.010742744
820,30,1356,2040,0.0072889496,0.009636325
820,40,1356,2040,0.0068351873,0.009238535
820,50,1356,2040,0.0065259566,0.008509203
820,60,1356,2040,0.0065567764,0.008488461
820,70,1356,2040,0.0053824657,0.0068318867
820,80,1356,2040,0.004082948,0.005539341
820,95,1356,2040,0.0011121387,0.0016175054
821,1,1356,2040,0.15462779,0.17257138
821,10,1356,2040,0.059489954,0.067788936
821,20,1356,2040,0.04945091,0.062363636
821,30,1356,2040,0.027434545,0.032493733
821,40,1356,2040,0.025105879,0.029876025
821,50,1356,2040,0.020379232,0.023781182
821,60,1356,2040,0.016866164,0.019963976
821,70,1356,2040,0.01210409,0.015029395
821,80,1356,2040,0.009707471,0.012147699
821,95,1356,2040,0.004308225,0.0048853373
822,1,1596,2040,0.02854842,0.043082763
822,10,1596,2040,0.01255155,0.017638624
822,20,1596,2040,0.010971123,0.013987526
822,30,1596,2040,0.008632582,0.010826194
822,40,1596,2040,0.008561263,0.010260182
822,50,1596,2040,0.0066391933,0.008263282
822,60,1596,2040,0.0057165697,0.0070035625
822,70,1596,2040,0.0048749745,0.006068405
822,80,1596,2040,0.003144342,0.0040735807
822,95,1596,2040,0.0012946539,0.0018202397
823,1,1284,2040,0.013642113,0.026803788
823,10,1284,2040,0.0073534152,0.011515741
823,20,1284,2040,0.013109625,0.018070111
823,30,1284,2040,0.0059587862,0.0084368205
823,40,1284,2040,0.0053276336,0.007708107
823,50,1284,2040,0.0046209563,0.006376201
823,60,1284,2040,0.003947472,0.00549666
823,70,1284,2040,0.0034213073,0.005432578
823,80,1284,2040,0.0028768498,0.004537348
823,95,1284,2040,0.0010296734,0.0016250408
824,1,1356,2040,0.0224491,0.0501556
824,10,1356,2040,0.012842932,0.023791526
824,20,1356,2040,0.007666528,0.014839155
824,30,1356,2040,0.0062308856,0.011747356
824,40,1356,2040,0.006835424,0.011270936
824,50,1356,2040,0.0068632048,0.010808163
824,60,1356,2040,0.0067119785,0.010209845
824,70,1356,2040,0.005548632,0.010044774
824,80,1356,2040,0.0045544854,0.009278081
824,95,1356,2040,0.0013542533,0.0029043416
825,1,1356,2040,0.09438044,0.10009996
825,10,1356,2040,0.04323866,0.045199983
825,20,1356,2040,0.04866479,0.049965512
825,30,1356,2040,0.026400233,0.02733718
825,40,1356,2040,0.02436866,0.025046902
825,50,1356,2040,0.022305258,0.022840597
825,60,1356,2040,0.020416323,0.0208567
825,70,1356,2040,0.015958909,0.016355012
825,80,1356,2040,0.0073385965,0.00771291
825,95,1356,2040,0.002209595,0.0024235062
826,1,1536,2040,0.012385895,0.026695361
826,10,1536,2040,0.008395579,0.013409004
826,20,1536,2040,0.0040822984,0.008215274
826,30,1536,2040,0.0040272763,0.006857353
826,40,1536,2040,0.002897077,0.005633371
826,50,1536,2040,0.0028268695,0.0049603446
826,60,1536,2040,0.002507972,0.0045332434
826,70,1536,2040,0.0024865346,0.0041916408
826,80,1536,2040,0.0014966559,0.0030377146
826,95,1536,2040,0.0006895282,0.0015452607
827,1,1536,2040,0.306892,0.35314822
827,10,1536,2040,0.071175076,0.095124274
827,20,1536,2040,0.054204095,0.06514062
827,30,1536,2040,0.04175173,0.050961696
827,40,1536,2040,0.039165154,0.047796484
827,50,1536,2040,0.03562945,0.0441259
827,60,1536,2040,0.024393743,0.031164696
827,70,1536,2040,0.014922495,0.018749278
827,80,1536,2040,0.02110599,0.02720276
827,95,1536,2040,0.012253422,0.014206016
828,1,1356,2040,0.05109981,0.0862236
828,10,1356,2040,0.022360554,0.05450395
828,20,1356,2040,0.007938988,0.022302974
828,30,1356,2040,0.0053113275,0.017001629
828,40,1356,2040,0.004544047,0.016040571
828,50,1356,2040,0.003934919,0.014251728
828,60,1356,2040,0.0048412886,0.015908508
828,70,1356,2040,0.0035059375,0.012494317
828,80,1356,2040,0.0029488099,0.011914918
828,95,1356,2040,0.001377413,0.0047448566
829,1,1356,2040,0.044269066,0.07238807
829,10,1356,2040,0.010570761,0.015814733
829,20,1356,2040,0.009407174,0.014202824
829,30,1356,2040,0.008976136,0.013270003
829,40,1356,2040,0.007529658,0.010596982
829,50,1356,2040,0.0071233828,0.009622876
829,60,1356,2040,0.004622192,0.0069610258
829,70,1356,2040,0.0027906648,0.005123174
829,80,1356,2040,0.0023330546,0.004072578
829,95,1356,2040,0.0011788064,0.0019327189
830,1,816,2040,0.03348169,0.054166116
830,10,816,2040,0.007528489,0.011086906
830,20,816,2040,0.004673385,0.0075960625
830,30,816,2040,0.0034035556,0.005670384
830,40,816,2040,0.0035879025,0.005627304
830,50,816,2040,0.0035101627,0.0054649883
830,60,816,2040,0.0030922515,0.005029847
830,70,816,2040,0.0025780872,0.0042555137
830,80,816,2040,0.0022499477,0.003583837
830,95,816,2040,0.0005816793,0.0015500446
831,1,1356,2040,0.0416774,0.0673291
831,10,1356,2040,0.013037485,0.022858106
831,20,1356,2040,0.013656576,0.017544845
831,30,1356,2040,0.011240445,0.016210748
831,40,1356,2040,0.010399971,0.014826301
831,50,1356,2040,0.009700277,0.013236605
831,60,1356,2040,0.009280055,0.011953081
831,70,1356,2040,0.008670512,0.011545823
831,80,1356,2040,0.005176701,0.007343227
831,95,1356,2040,0.0014701537,0.0025734752
832,1,1356,2040,0.03081964,0.050162118
832,10,1356,2040,0.010401495,0.017670732
832,20,1356,2040,0.009858507,0.014165485
832,30,1356,2040,0.007567929,0.010559436
832,40,1356,2040,0.00714501,0.009602754
832,50,1356,2040,0.008320314,0.010202222
832,60,1356,2040,0.008096935,0.00995055
832,70,1356,2040,0.007777542,0.009093084
832,80,1356,2040,0.006923827,0.0081339935
832,95,1356,2040,0.0019424218,0.0027731054
833,1,1548,2040,0.035602532,0.056049414
833,10,1548,2040,0.011467836,0.01921658
833,20,1548,2040,0.013349206,0.017852515
833,30,1548,2040,0.011208551,0.015366122
833,40,1548,2040,0.010161463,0.013716663
833,50,1548,2040,0.008820024,0.012155747
833,60,1548,2040,0.0063455873,0.008595037
833,70,1548,2040,0.0045106704,0.006527077
833,80,1548,2040,0.002373818,0.004243943
833,95,1548,2040,0.0013800603,0.0025498571
834,1,1356,2040,0.015845519,0.034070767
834,10,1356,2040,0.0058451765,0.014947991
834,20,1356,2040,0.0037722539,0.010451988
834,30,1356,2040,0.002811064,0.00769039
834,40,1356,2040,0.0031613514,0.0076938295
834,50,1356,2040,0.0029811678,0.0067333453
834,60,1356,2040,0.0027206163,0.0065332362
834,70,1356,2040,0.002422559,0.0053726393
834,80,1356,2040,0.0015524596,0.0041299886
834,95,1356,2040,0.0011383758,0.0027764118
835,1,2040,1620,0.04181809,0.06417812
835,10,2040,1620,0.013841058,0.017098572
835,20,2040,1620,0.014868773,0.016125154
835,30,2040,1620,0.008589037,0.009845443
835,40,2040,1620,0.0071760733,0.007963535
835,50,2040,1620,0.0062851324,0.0068274396
835,60,2040,1620,0.0076696198,0.008319395
835,70,2040,1620,0.00378919,0.004450692
835,80,2040,1620,0.0040755626,0.0044763633
835,95,2040,1620,0.0013416072,0.0017981667
836,1,1536,2040,0.014492001,0.022375435
836,10,1536,2040,0.008276446,0.011928367
836,20,1536,2040,0.0078113275,0.010564735
836,30,1536,2040,0.007854948,0.01034936
836,40,1536,2040,0.0070027336,0.008622751
836,50,1536,2040,0.0071764123,0.008617834
836,60,1536,2040,0.0053005214,0.006552873
836,70,1536,2040,0.004275557,0.0054355627
836,80,1536,2040,0.003699143,0.0043809945
836,95,1536,2040,0.0006313804,0.0011100129
837,1,1356,2040,0.08346837,0.10186351
837,10,1356,2040,0.019739244,0.029430805
837,20,1356,2040,0.014052699,0.018468596
837,30,1356,2040,0.013436608,0.017066274
837,40,1356,2040,0.016314754,0.019484859
837,50,1356,2040,0.013436543,0.017176982
837,60,1356,2040,0.01305725,0.016023275
837,70,1356,2040,0.012735711,0.01582614
837,80,1356,2040,0.008432788,0.009744981
837,95,1356,2040,0.002872429,0.0038749913
838,1,1356,2040,0.119321525,0.15065275
838,10,1356,2040,0.0413517,0.052252635
838,20,1356,2040,0.024502523,0.028856225
838,30,1356,2040,0.01036976,0.015035593
838,40,1356,2040,0.0068105333,0.009977162
838,50,1356,2040,0.004808929,0.007325946
838,60,1356,2040,0.0049322816,0.007817155
838,70,1356,2040,0.007228031,0.009161381
838,80,1356,2040,0.004419599,0.006627865
838,95,1356,2040,0.0026895707,0.0042564403
839,1,1356,2040,0.06989192,0.08019034
839,10,1356,2040,0.03930988,0.053697843
839,20,1356,2040,0.030946016,0.03771919
839,30,1356,2040,0.034833264,0.046605635
839,40,1356,2040,0.032610938,0.045011695
839,50,1356,2040,0.03256012,0.04292337
839,60,1356,2040,0.021946961,0.030080196
839,70,1356,2040,0.029042695,0.03936906
839,80,1356,2040,0.010832525,0.0135748
839,95,1356,2040,0.0073336745,0.009050234
840,1,1356,2040,0.096237265,0.14271018
840,10,1356,2040,0.026919557,0.043933563
840,20,1356,2040,0.017001087,0.030919729
840,30,1356,2040,0.011381915,0.021465339
840,40,1356,2040,0.008262865,0.017835848
840,50,1356,2040,0.0065014185,0.013973685
840,60,1356,2040,0.005970094,0.013738874
840,70,1356,2040,0.005378423,0.010504793
840,80,1356,2040,0.004494445,0.009220812
840,95,1356,2040,0.0021482802,0.0044521587
841,1,1356,2040,0.07027484,0.090670034
841,10,1356,2040,0.011741154,0.019949995
841,20,1356,2040,0.010242967,0.013758688
841,30,1356,2040,0.008778807,0.012748276
841,40,1356,2040,0.008762091,0.011795119
841,50,1356,2040,0.007236321,0.009858975
841,60,1356,2040,0.006475836,0.008566604
841,70,1356,2040,0.0060901227,0.008069934
841,80,1356,2040,0.0032035422,0.004834087
841,95,1356,2040,0.0012987137,0.002081335
842,1,1356,2040,0.04272944,0.057238422
842,10,1356,2040,0.017853016,0.02705208
842,20,1356,2040,0.010330091,0.015090524
842,30,1356,2040,0.0079049645,0.011262261
842,40,1356,2040,0.00917389,0.013383875
842,50,1356,2040,0.0068029533,0.009984147
842,60,1356,2040,0.0068415706,0.0096354745
842,70,1356,2040,0.00686615,0.009329963
842,80,1356,2040,0.004239319,0.0057808133
842,95,1356,2040,0.0013535419,0.0021090235
843,1,1356,2040,0.10025197,0.1410445
843,10,1356,2040,0.054570705,0.07510554
843,20,1356,2040,0.04602651,0.059706632
843,30,1356,2040,0.051487733,0.06275831
843,40,1356,2040,0.05172128,0.06137063
843,50,1356,2040,0.048286524,0.060128544
843,60,1356,2040,0.04172677,0.049693815
843,70,1356,2040,0.018934239,0.025992008
843,80,1356,2040,0.03217615,0.038736727
843,95,1356,2040,0.014091379,0.018967666
844,1,2040,1356,0.027253527,0.045847896
844,10,2040,1356,0.016459562,0.026209027
844,20,2040,1356,0.011159285,0.02022406
844,30,2040,1356,0.009835436,0.015681565
844,40,2040,1356,0.006254127,0.010889897
844,50,2040,1356,0.0101874815,0.014159003
844,60,2040,1356,0.003969093,0.0074689626
844,70,2040,1356,0.0045674983,0.006394051
844,80,2040,1356,0.0026668431,0.0040897895
844,95,2040,1356,0.0018964069,0.003229868
845,1,1356,2040,0.020874681,0.030843858
845,10,1356,2040,0.013415548,0.022019368
845,20,1356,2040,0.009133038,0.0128577845
845,30,1356,2040,0.0073668547,0.012281701
845,40,1356,2040,0.006385441,0.011907503
845,50,1356,2040,0.005995839,0.009853723
845,60,1356,2040,0.0064889984,0.00980981
845,70,1356,2040,0.006713039,0.010117835
845,80,1356,2040,0.0050779856,0.0081828125
845,95,1356,2040,0.0022580968,0.0034867832
846,1,1368,2040,0.019430304,0.028232062
846,10,1368,2040,0.0055174986,0.008985561
846,20,1368,2040,0.0038273032,0.00632665
846,30,1368,2040,0.0016853968,0.003577094
846,40,1368,2040,0.0013791935,0.0027811092
846,50,1368,2040,0.003016366,0.004199242
846,60,1368,2040,0.002851869,0.003881433
846,70,1368,2040,0.0029425276,0.003981604
846,80,1368,2040,0.0030429233,0.0047627864
846,95,1368,2040,0.0021228036,0.0029954147
847,1,2040,1356,0.028669102,0.04056254
847,10,2040,1356,0.016686913,0.021755753
847,20,2040,1356,0.021325994,0.023276515
847,30,2040,1356,0.018961776,0.021293744
847,40,2040,1356,0.016313778,0.018768096
847,50,2040,1356,0.016956579,0.018862657
847,60,2040,1356,0.017376823,0.018526673
847,70,2040,1356,0.014660846,0.015650462
847,80,2040,1356,0.009089804,0.009703224
847,95,2040,1356,0.002302773,0.0026534824
848,1,1536,2040,0.036762476,0.061237082
848,10,1536,2040,0.0116593195,0.017367652
848,20,1536,2040,0.011946532,0.018000782
848,30,1536,2040,0.008747122,0.013145278
848,40,1536,2040,0.007091379,0.010678811
848,50,1536,2040,0.007631425,0.01210453
848,60,1536,2040,0.008101344,0.015403523
848,70,1536,2040,0.006029215,0.01120148
848,80,1536,2040,0.003235817,0.0054691886
848,95,1536,2040,0.0016924023,0.0032343222
849,1,1356,2040,0.11748404,0.14436224
849,10,1356,2040,0.03192902,0.047099557
849,20,1356,2040,0.01776857,0.02739998
849,30,1356,2040,0.014212672,0.021548811
849,40,1356,2040,0.01122361,0.018012058
849,50,1356,2040,0.011339016,0.017417634
849,60,1356,2040,0.009699814,0.014694508
849,70,1356,2040,0.008904315,0.013343295
849,80,1356,2040,0.007991559,0.01130828
849,95,1356,2040,0.0055383854,0.0077600144
850,1,1356,2040,0.020120552,0.026530774
850,10,1356,2040,0.009877903,0.01327514
850,20,1356,2040,0.010607967,0.013146648
850,30,1356,2040,0.008433776,0.010253195
850,40,1356,2040,0.0076298635,0.009261288
850,50,1356,2040,0.006632206,0.007986777
850,60,1356,2040,0.0054556355,0.0065027024
850,70,1356,2040,0.0052629155,0.0062658656
850,80,1356,2040,0.0035161003,0.00450529
850,95,1356,2040,0.002078017,0.0026706872
851,1,1344,2040,0.05271406,0.113459624
851,10,1344,2040,0.0117198685,0.028683083
851,20,1344,2040,0.0063026827,0.018034969
851,30,1344,2040,0.00487035,0.014621918
851,40,1344,2040,0.0036365127,0.014074015
851,50,1344,2040,0.0046597235,0.013865331
851,60,1344,2040,0.004668221,0.014487081
851,70,1344,2040,0.0042525954,0.01068046
851,80,1344,2040,0.0023819664,0.006886182
851,95,1344,2040,0.0007617815,0.0030707442
852,1,1152,2040,0.06633614,0.09027235
852,10,1152,2040,0.035052806,0.053397205
852,20,1152,2040,0.02250137,0.030278971
852,30,1152,2040,0.02063703,0.028146049
852,40,1152,2040,0.020228826,0.026350077
852,50,1152,2040,0.016481563,0.021408087
852,60,1152,2040,0.012606512,0.016147828
852,70,1152,2040,0.013533211,0.017266467
852,80,1152,2040,0.008145798,0.010214921
852,95,1152,2040,0.0044913744,0.006185073
853,1,1356,2040,0.0398453,0.07511883
853,10,1356,2040,0.0124051655,0.026996067
853,20,1356,2040,0.008278063,0.017722564
853,30,1356,2040,0.0075443494,0.015098031
853,40,1356,2040,0.0071083135,0.012989118
853,50,1356,2040,0.005776469,0.01142373
853,60,1356,2040,0.0048551937,0.009397524
853,70,1356,2040,0.004038241,0.008206049
853,80,1356,2040,0.0029491875,0.006251889
853,95,1356,2040,0.0015692514,0.003898376
854,1,1068,2040,0.029427812,0.047184438
854,10,1068,2040,0.016411861,0.02808825
854,20,1068,2040,0.0050128605,0.010594801
854,30,1068,2040,0.0032021527,0.008303945
854,40,1068,2040,0.0028447937,0.006974136
854,50,1068,2040,0.002443842,0.0066443766
854,60,1068,2040,0.0036256176,0.0072104973
854,70,1068,2040,0.0034423985,0.0064603514
854,80,1068,2040,0.002781473,0.0043749553
854,95,1068,2040,0.00055960193,0.001242884
855,1,2040,2040,0.039478872,0.06532298
855,10,2040,2040,0.030119099,0.044588987
855,20,2040,2040,0.015205225,0.020830723
855,30,2040,2040,0.012379604,0.0163134
855,40,2040,2040,0.008163562,0.011691385
855,50,2040,2040,0.007372857,0.01289858
855,60,2040,2040,0.005338914,0.010880529
855,70,2040,2040,0.004608182,0.0072048237
855,80,2040,2040,0.0044353176,0.007510169
855,95,2040,2040,0.001921722,0.0028340847
856,1,1356,2040,0.052884575,0.070509195
856,10,1356,2040,0.01208291,0.018228505
856,20,1356,2040,0.010829964,0.014704709
856,30,1356,2040,0.009741911,0.012759412
856,40,1356,2040,0.01124254,0.014115156
856,50,1356,2040,0.007878421,0.010504091
856,60,1356,2040,0.006906582,0.009435675
856,70,1356,2040,0.0052289194,0.0074922703
856,80,1356,2040,0.0055313874,0.007104082
856,95,1356,2040,0.0038242568,0.0048438963
857,1,1416,2040,0.11024598,0.13027593
857,10,1416,2040,0.035393123,0.040400807
857,20,1416,2040,0.010486704,0.016413976
857,30,1416,2040,0.011280114,0.014804613
857,40,1416,2040,0.015287862,0.018986672
857,50,1416,2040,0.016718496,0.020248957
857,60,1416,2040,0.013666191,0.016716724
857,70,1416,2040,0.01254177,0.015259486
857,80,1416,2040,0.009266137,0.011535875
857,95,1416,2040,0.003835899,0.0047522695
858,1,1356,2040,0.019131174,0.025300527
858,10,1356,2040,0.009380524,0.013455514
858,20,1356,2040,0.0075793923,0.010055925
858,30,1356,2040,0.008995406,0.011188594
858,40,1356,2040,0.0077297236,0.010376424
858,50,1356,2040,0.0037571886,0.0057515586
858,60,1356,2040,0.0033933986,0.004805045
858,70,1356,2040,0.003874227,0.0052796756
858,80,1356,2040,0.002680191,0.0035683413
858,95,1356,2040,0.0016167809,0.0020192512
859,1,1356,2040,0.014173912,0.018993216
859,10,1356,2040,0.014054282,0.016838562
859,20,1356,2040,0.008564579,0.010355792
859,30,1356,2040,0.0054670656,0.006680547
859,40,1356,2040,0.0041733333,0.0056155277
859,50,1356,2040,0.0034617062,0.004847935
859,60,1356,2040,0.0030297695,0.0040481007
859,70,1356,2040,0.0025651478,0.003421739
859,80,1356,2040,0.0014467742,0.0023674876
859,95,1356,2040,0.00076529494,0.0012291038
860,1,1536,2040,0.020147298,0.026883805
860,10,1536,2040,0.015433478,0.022975996
860,20,1536,2040,0.0069548595,0.009700229
860,30,1536,2040,0.006950247,0.011438491
860,40,1536,2040,0.0065511875,0.010154076
860,50,1536,2040,0.004518383,0.007395207
860,60,1536,2040,0.0030386094,0.005150055
860,70,1536,2040,0.002030248,0.0033871166
860,80,1536,2040,0.0019079924,0.0030376832
860,95,1536,2040,0.0010601126,0.0016528416
861,1,1356,2040,0.049573444,0.06677556
861,10,1356,2040,0.025379695,0.038414918
861,20,1356,2040,0.016168753,0.026773747
861,30,1356,2040,0.013159289,0.020387456
861,40,1356,2040,0.009581979,0.014333654
861,50,1356,2040,0.0103135565,0.0155957425
861,60,1356,2040,0.01077698,0.016427403
861,70,1356,2040,0.009484855,0.014250532
861,80,1356,2040,0.0058765667,0.008930819
861,95,1356,2040,0.0032001364,0.0050586
862,1,1356,2040,0.044078063,0.07332305
862,10,1356,2040,0.013331669,0.020350764
862,20,1356,2040,0.010442699,0.017442213
862,30,1356,2040,0.0065772077,0.011358807
862,40,1356,2040,0.004771339,0.009601767
862,50,1356,2040,0.004837788,0.008351404
862,60,1356,2040,0.0042917407,0.008420962
862,70,1356,2040,0.004457845,0.0077401963
862,80,1356,2040,0.002713997,0.0058341725
862,95,1356,2040,0.0018080861,0.0037071828
863,1,2040,1500,0.018721355,0.038069602
863,10,2040,1500,0.009333762,0.019378345
863,20,2040,1500,0.005138877,0.012570245
863,30,2040,1500,0.0044049416,0.010793657
863,40,2040,1500,0.0041920207,0.009278193
863,50,2040,1500,0.0034369691,0.008253237
863,60,2040,1500,0.003568909,0.00861993
863,70,2040,1500,0.0032149914,0.0070719467
863,80,2040,1500,0.0028373403,0.006040677
863,95,2040,1500,0.00094846386,0.0030680024
864,1,1356,2040,0.025594143,0.054334592
864,10,1356,2040,0.009563598,0.024121527
864,20,1356,2040,0.012422394,0.02111927
864,30,1356,2040,0.008701971,0.013339142
864,40,1356,2040,0.008805855,0.013931285
864,50,1356,2040,0.007207706,0.010883643
864,60,1356,2040,0.0067198174,0.010258287
864,70,1356,2040,0.0061256615,0.00917313
864,80,1356,2040,0.0064717447,0.008816979
864,95,1356,2040,0.0034389743,0.0040106047
865,1,1536,2040,0.018430965,0.025876805
865,10,1536,2040,0.004461911,0.0077986307
865,20,1536,2040,0.004866224,0.007082067
865,30,1536,2040,0.0026160514,0.0048239203
865,40,1536,2040,0.0027597873,0.0044679865
865,50,1536,2040,0.0018837668,0.003400691
865,60,1536,2040,0.0029319893,0.004395557
865,70,1536,2040,0.0016800659,0.003259842
865,80,1536,2040,0.0017191906,0.0029961336
865,95,1536,2040,0.0006010854,0.0016151129
866,1,2040,1356,0.028697843,0.03685416
866,10,2040,1356,0.0067492253,0.0110998545
866,20,2040,1356,0.0051338226,0.009637767
866,30,2040,1356,0.0077019245,0.010689838
866,40,2040,1356,0.003819875,0.0067910743
866,50,2040,1356,0.0029368696,0.0059440476
866,60,2040,1356,0.0030683952,0.0058621545
866,70,2040,1356,0.0027262664,0.00558597
866,80,2040,1356,0.0015165721,0.0038281535
866,95,2040,1356,0.0008723538,0.001958902
867,1,2040,1356,0.039861724,0.059946097
867,10,2040,1356,0.022611694,0.031066336
867,20,2040,1356,0.013126387,0.017246349
867,30,2040,1356,0.019727306,0.022399155
867,40,2040,1356,0.019924147,0.022532122
867,50,2040,1356,0.019948108,0.022299102
867,60,2040,1356,0.014487152,0.016470388
867,70,2040,1356,0.014036802,0.015689287
867,80,2040,1356,0.009194483,0.010530032
867,95,2040,1356,0.0033650768,0.004480688
868,1,1356,2040,0.023303801,0.052526686
868,10,1356,2040,0.0040907534,0.017143002
868,20,1356,2040,0.0050586774,0.015857497
868,30,1356,2040,0.0024972812,0.009660996
868,40,1356,2040,0.0017921595,0.009519564
868,50,1356,2040,0.0016516097,0.007520282
868,60,1356,2040,0.0013481849,0.007627677
868,70,1356,2040,0.001249236,0.0071884887
868,80,1356,2040,0.00093205844,0.0039515505
868,95,1356,2040,0.0006498843,0.0036860676
869,1,2040,1356,0.04225908,0.05276508
869,10,2040,1356,0.010280799,0.014071093
869,20,2040,1356,0.0079993615,0.011320812
869,30,2040,1356,0.008394772,0.011457105
869,40,2040,1356,0.0073242094,0.010414184
869,50,2040,1356,0.00874279,0.01071776
869,60,2040,1356,0.00638033,0.009715313
869,70,2040,1356,0.0035995126,0.005121369
869,80,2040,1356,0.0028621883,0.0043568313
869,95,2040,1356,0.0016034144,0.00228634
870,1,1572,2040,0.05821075,0.0845828
870,10,1572,2040,0.013710322,0.023874663
870,20,1572,2040,0.008281306,0.013169537
870,30,1572,2040,0.004941744,0.009449967
870,40,1572,2040,0.004169396,0.009065832
870,50,1572,2040,0.0040422287,0.007893389
870,60,1572,2040,0.0033041614,0.006954604
870,70,1572,2040,0.002334429,0.005325546
870,80,1572,2040,0.0019946105,0.0047827293
870,95,1572,2040,0.0013428393,0.0028441476
871,1,1356,2040,0.04554314,0.05609386
871,10,1356,2040,0.018414188,0.027101813
871,20,1356,2040,0.009181362,0.0192049
871,30,1356,2040,0.005583202,0.014806109
871,40,1356,2040,0.0065197963,0.013509328
871,50,1356,2040,0.008324321,0.012328453
871,60,1356,2040,0.008118178,0.010210015
871,70,1356,2040,0.0065209935,0.008782381
871,80,1356,2040,0.0051594246,0.0064283074
871,95,1356,2040,0.0016144149,0.0021802294
872,1,1356,2040,0.03393654,0.053900816
872,10,1356,2040,0.01220192,0.019387295
872,20,1356,2040,0.009083253,0.015936317
872,30,1356,2040,0.0052364934,0.0090258615
872,40,1356,2040,0.0044679116,0.007893892
872,50,1356,2040,0.0039491523,0.006717263
872,60,1356,2040,0.0036895883,0.006690488
872,70,1356,2040,0.0035514631,0.006107236
872,80,1356,2040,0.002809574,0.004403617
872,95,1356,2040,0.0012908773,0.0022090892
873,1,1356,2040,0.027128361,0.042680006
873,10,1356,2040,0.014797507,0.020966815
873,20,1356,2040,0.012660557,0.016977515
873,30,1356,2040,0.010121641,0.013904163
873,40,1356,2040,0.008256015,0.011065998
873,50,1356,2040,0.006931871,0.009303483
873,60,1356,2040,0.0058203037,0.0077521624
873,70,1356,2040,0.0057421424,0.007944621
873,80,1356,2040,0.0032268253,0.004452568
873,95,1356,2040,0.0008351556,0.0013609175
874,1,1356,2040,0.014465052,0.023537239
874,10,1356,2040,0.011849323,0.016286368
874,20,1356,2040,0.007896117,0.015811872
874,30,1356,2040,0.009256445,0.01120114
874,40,1356,2040,0.0072594844,0.01136987
874,50,1356,2040,0.0074983044,0.0094615435
874,60,1356,2040,0.005608213,0.00696962
874,70,1356,2040,0.004176171,0.007139433
874,80,1356,2040,0.0030955235,0.0046432046
874,95,1356,2040,0.00082922564,0.0016212629
875,1,1536,2040,0.08215071,0.10409504
875,10,1536,2040,0.02220024,0.02843317
875,20,1536,2040,0.015532208,0.020803731
875,30,1536,2040,0.008952145,0.01204631
875,40,1536,2040,0.0067793354,0.008889726
875,50,1536,2040,0.008783087,0.010343841
875,60,1536,2040,0.006441318,0.008432416
875,70,1536,2040,0.0032279764,0.00477552
875,80,1536,2040,0.0037254028,0.00502688
875,95,1536,2040,0.0018184836,0.0025892556
876,1,1356,2040,0.0155543955,0.029055722
876,10,1356,2040,0.0049553765,0.011560814
876,20,1356,2040,0.003623466,0.0076992437
876,30,1356,2040,0.003761643,0.008267949
876,40,1356,2040,0.0022063283,0.005105294
876,50,1356,2040,0.002165694,0.005134835
876,60,1356,2040,0.0020303917,0.004919756
876,70,1356,2040,0.0018292111,0.0038213618
876,80,1356,2040,0.0015032511,0.003397351
876,95,1356,2040,0.00074042944,0.0021317538
877,1,1152,2040,0.1592088,0.19125114
877,10,1152,2040,0.0510629,0.06647461
877,20,1152,2040,0.030164644,0.040691346
877,30,1152,2040,0.023391493,0.031893045
877,40,1152,2040,0.01843874,0.026037974
877,50,1152,2040,0.019138837,0.025923941
877,60,1152,2040,0.01557802,0.022484388
877,70,1152,2040,0.012815909,0.017864272
877,80,1152,2040,0.0098357545,0.013846962
877,95,1152,2040,0.0057145054,0.0077490774
878,1,1740,2040,0.05872437,0.06850892
878,10,1740,2040,0.05295461,0.06025334
878,20,1740,2040,0.032004174,0.03435678
878,30,1740,2040,0.02499436,0.027520789
878,40,1740,2040,0.016455214,0.01918143
878,50,1740,2040,0.02196375,0.023576293
878,60,1740,2040,0.022438563,0.024667785
878,70,1740,2040,0.017126512,0.01869385
878,80,1740,2040,0.0142623,0.015493285
878,95,1740,2040,0.00258,0.0031004483
879,1,1872,2040,0.0073361513,0.01931153
879,10,1872,2040,0.005498261,0.012550729
879,20,1872,2040,0.0057611642,0.010602284
879,30,1872,2040,0.003614815,0.0069737714
879,40,1872,2040,0.0030106462,0.0063498393
879,50,1872,2040,0.0028366789,0.0060587567
879,60,1872,2040,0.0021452452,0.0046898564
879,70,1872,2040,0.002445095,0.0049470672
879,80,1872,2040,0.0016257586,0.0037342983
879,95,1872,2040,0.0007917357,0.0018628908
880,1,2040,1356,0.032443576,0.047049455
880,10,2040,1356,0.020675734,0.027825002
880,20,2040,1356,0.015544727,0.020289801
880,30,2040,1356,0.009382262,0.0137019735
880,40,2040,1356,0.012420967,0.015111266
880,50,2040,1356,0.008850813,0.011666681
880,60,2040,1356,0.011162516,0.0133845145
880,70,2040,1356,0.0073495945,0.00925242
880,80,2040,1356,0.0064134533,0.00827969
880,95,2040,1356,0.00094419357,0.0020977927
881,1,1260,2040,0.008367045,0.019444944
881,10,1260,2040,0.0035305282,0.00892752
881,20,1260,2040,0.003386906,0.0069955443
881,30,1260,2040,0.003392205,0.006120429
881,40,1260,2040,0.0029193398,0.0057204985
881,50,1260,2040,0.004982774,0.007557246
881,60,1260,2040,0.0034619137,0.0054074903
881,70,1260,2040,0.003209472,0.004965544
881,80,1260,2040,0.0024550934,0.0038045563
881,95,1260,2040,0.0004664751,0.0011758447
882,1,1356,2040,0.082605556,0.11651964
882,10,1356,2040,0.041651607,0.078505024
882,20,1356,2040,0.017440774,0.029032396
882,30,1356,2040,0.012229133,0.018851982
882,40,1356,2040,0.009453586,0.014993316
882,50,1356,2040,0.008188352,0.012483416
882,60,1356,2040,0.007049587,0.010684264
882,70,1356,2040,0.007492493,0.010588608
882,80,1356,2040,0.004983224,0.007578236
882,95,1356,2040,0.0023366527,0.0039196336
883,1,1380,2040,0.017524507,0.031870585
883,10,1380,2040,0.005698454,0.011667711
883,20,1380,2040,0.0047816117,0.010064629
883,30,1380,2040,0.00359576,0.007109297
883,40,1380,2040,0.0035938239,0.006975478
883,50,1380,2040,0.003002508,0.005426594
883,60,1380,2040,0.0032479719,0.00502055
883,70,1380,2040,0.002519656,0.0042162263
883,80,1380,2040,0.0014416109,0.0033914414
883,95,1380,2040,0.0011711519,0.0022479726
884,1,1356,2040,0.013515482,0.021727968
884,10,1356,2040,0.0081160115,0.012463793
884,20,1356,2040,0.0085626505,0.009819539
884,30,1356,2040,0.006665983,0.0075754854
884,40,1356,2040,0.0066561955,0.0073953383
884,50,1356,2040,0.0061281375,0.0071310312
884,60,1356,2040,0.0060059107,0.0066338894
884,70,1356,2040,0.0049772384,0.0054218355
884,80,1356,2040,0.003274505,0.0036936025
884,95,1356,2040,0.001392605,0.0017960444
885,1,1356,2040,0.047277186,0.06553562
885,10,1356,2040,0.028836632,0.03468098
885,20,1356,2040,0.014155366,0.016608857
885,30,1356,2040,0.011313722,0.01414834
885,40,1356,2040,0.009186376,0.014027084
885,50,1356,2040,0.011016685,0.013315894
885,60,1356,2040,0.009607724,0.011756667
885,70,1356,2040,0.006453799,0.008124782
885,80,1356,2040,0.0071348436,0.009292266
885,95,1356,2040,0.0042224424,0.0057665277
886,1,1356,2040,0.02247526,0.030098934
886,10,1356,2040,0.007080473,0.011227594
886,20,1356,2040,0.006107394,0.0074743326
886,30,1356,2040,0.0051874164,0.0061808596
886,40,1356,2040,0.0035004055,0.0053212047
886,50,1356,2040,0.0029899538,0.0051803705
886,60,1356,2040,0.0025537633,0.0045685307
886,70,1356,2040,0.0024759911,0.0038972793
886,80,1356,2040,0.0018588447,0.0034660492
886,95,1356,2040,0.0009383868,0.002018165
887,1,1356,2040,0.04051519,0.06473056
887,10,1356,2040,0.010431073,0.019385135
887,20,1356,2040,0.0065296,0.012321749
887,30,1356,2040,0.005770833,0.012162226
887,40,1356,2040,0.0044724056,0.009000991
887,50,1356,2040,0.0042509804,0.008039543
887,60,1356,2040,0.0043156133,0.008582457
887,70,1356,2040,0.0034760602,0.0062837033
887,80,1356,2040,0.002514442,0.004998211
887,95,1356,2040,0.0015747905,0.0032305908
888,1,1356,2040,0.0792194,0.09561038
888,10,1356,2040,0.033097245,0.0417197
888,20,1356,2040,0.018992314,0.02504526
888,30,1356,2040,0.019073084,0.023081608
888,40,1356,2040,0.018145734,0.021303758
888,50,1356,2040,0.015435265,0.01868419
888,60,1356,2040,0.013050022,0.015655814
888,70,1356,2040,0.011306209,0.013669109
888,80,1356,2040,0.008259746,0.010239411
888,95,1356,2040,0.0022301637,0.0033711235
889,1,1356,2040,0.038776148,0.04920877
889,10,1356,2040,0.020807665,0.025204264
889,20,1356,2040,0.012442499,0.014515339
889,30,1356,2040,0.0052859243,0.006849591
889,40,1356,2040,0.0045058513,0.005756399
889,50,1356,2040,0.0035484137,0.004761339
889,60,1356,2040,0.0035952155,0.0047713853
889,70,1356,2040,0.0028719483,0.0038553036
889,80,1356,2040,0.0022905988,0.0032063574
889,95,1356,2040,0.004810228,0.005125372
890,1,1368,2040,0.0270443,0.04843174
890,10,1368,2040,0.00983973,0.023556007
890,20,1368,2040,0.0062012016,0.015127004
890,30,1368,2040,0.0061752233,0.0128981015
890,40,1368,2040,0.0052285283,0.011275724
890,50,1368,2040,0.004009614,0.008936828
890,60,1368,2040,0.0038422325,0.008653872
890,70,1368,2040,0.0035835218,0.008415721
890,80,1368,2040,0.002301908,0.005503561
890,95,1368,2040,0.00119823,0.0034628408
891,1,2040,1668,0.025378427,0.03416257
891,10,2040,1668,0.0043554036,0.010444915
891,20,2040,1668,0.010777335,0.012924869
891,30,2040,1668,0.016372146,0.018183067
891,40,2040,1668,0.013166898,0.014704085
891,50,2040,1668,0.0118524935,0.013075494
891,60,2040,1668,0.010075366,0.010963461
891,70,2040,1668,0.0098269405,0.010551682
891,80,2040,1668,0.0050623966,0.005768772
891,95,2040,1668,0.0025145481,0.002909913
892,1,1284,2040,0.02416972,0.03341242
892,10,1284,2040,0.016556341,0.022734573
892,20,1284,2040,0.014018278,0.019067248
892,30,1284,2040,0.009881118,0.013904717
892,40,1284,2040,0.0072179986,0.010119354
892,50,1284,2040,0.0065501523,0.00830305
892,60,1284,2040,0.005238645,0.0065317815
892,70,1284,2040,0.0029139945,0.004109006
892,80,1284,2040,0.0015767537,0.0020766694
892,95,1284,2040,0.00063343305,0.0007528373
893,1,1356,2040,0.10843657,0.1584003
893,10,1356,2040,0.039458018,0.062444657
893,20,1356,2040,0.022085287,0.03746505
893,30,1356,2040,0.013450048,0.02437097
893,40,1356,2040,0.014269925,0.023412945
893,50,1356,2040,0.011114054,0.019532507
893,60,1356,2040,0.009761747,0.017201534
893,70,1356,2040,0.008011832,0.014741657
893,80,1356,2040,0.007655749,0.013507297
893,95,1356,2040,0.0045010312,0.007778214
894,1,2040,1356,0.022863466,0.03372724
894,10,2040,1356,0.009321828,0.018539622
894,20,2040,1356,0.011628625,0.018266171
894,30,2040,1356,0.0076841344,0.012776431
894,40,2040,1356,0.0066844607,0.009990616
894,50,2040,1356,0.0061574173,0.009198965
894,60,2040,1356,0.006128626,0.008767503
894,70,2040,1356,0.0056258286,0.0079572555
894,80,2040,1356,0.0045090364,0.0063759075
894,95,2040,1356,0.0008729538,0.0017425942
895,1,1284,2040,0.028450107,0.03490312
895,10,1284,2040,0.010842288,0.0130303055
895,20,1284,2040,0.007060242,0.008308952
895,30,1284,2040,0.003350736,0.0048393654
895,40,1284,2040,0.0023990204,0.0039044537
895,50,1284,2040,0.0017277931,0.0032405257
895,60,1284,2040,0.0014262043,0.002950918
895,70,1284,2040,0.004156252,0.0049211304
895,80,1284,2040,0.0043600164,0.004906694
895,95,1284,2040,0.002456276,0.0027475362
896,1,1356,2040,0.05447454,0.07636304
896,10,1356,2040,0.055365093,0.069316536
896,20,1356,2040,0.024453225,0.037023816
896,30,1356,2040,0.01671096,0.028199432
896,40,1356,2040,0.012055721,0.02048615
896,50,1356,2040,0.0069850357,0.013263244
896,60,1356,2040,0.007196238,0.012711944
896,70,1356,2040,0.005195001,0.010106056
896,80,1356,2040,0.0029149626,0.005933128
896,95,1356,2040,0.0011413898,0.002487657
897,1,1368,2040,0.009710518,0.012146518
897,10,1368,2040,0.009808328,0.011921325
897,20,1368,2040,0.012262285,0.013467569
897,30,1368,2040,0.005363695,0.006521881
897,40,1368,2040,0.0063900505,0.0073837833
897,50,1368,2040,0.005969011,0.006754623
897,60,1368,2040,0.0028302213,0.0030747927
897,70,1368,2040,0.0021141437,0.0023425433
897,80,1368,2040,0.0025857363,0.0029479535
897,95,1368,2040,0.002126307,0.002428617
898,1,1356,2040,0.016455041,0.046705488
898,10,1356,2040,0.011587389,0.027250463
898,20,1356,2040,0.0057331426,0.015131236
898,30,1356,2040,0.004381042,0.012552531
898,40,1356,2040,0.0032661974,0.010126937
898,50,1356,2040,0.002432559,0.009449925
898,60,1356,2040,0.0017186253,0.007013907
898,70,1356,2040,0.0015772957,0.006639546
898,80,1356,2040,0.0011751727,0.005316394
898,95,1356,2040,0.0007621468,0.003511685
899,1,1356,2040,0.04739587,0.10448125
899,10,1356,2040,0.026007228,0.059771944
899,20,1356,2040,0.017791603,0.04236227
899,30,1356,2040,0.017408146,0.038189232
899,40,1356,2040,0.013126542,0.029258307
899,50,1356,2040,0.010769377,0.024646014
899,60,1356,2040,0.009304428,0.020214228
899,70,1356,2040,0.007549925,0.018759545
899,80,1356,2040,0.0056324867,0.0150436545
899,95,1356,2040,0.0031100172,0.007630129
900,1,1152,2040,0.035520446,0.053334028
900,10,1152,2040,0.01607731,0.02721223
900,20,1152,2040,0.009876166,0.017742127
900,30,1152,2040,0.008817324,0.01510654
900,40,1152,2040,0.008755951,0.015016644
900,50,1152,2040,0.008917009,0.01505697
900,60,1152,2040,0.008132983,0.013843217
900,70,1152,2040,0.0061719706,0.011528163
900,80,1152,2040,0.0058376896,0.010244311
900,95,1152,2040,0.001955332,0.003964351